plate,hm_n,hm_in,hm_rmse_um,hm_pitch_um,hm_norm,hm_rot,tilt_pp_um,tilt_frac,rgb_n,rgb_in,rgb_rmse_px,rgb_pitch_px,rgb_norm,rgb_rot,cross_rmse_um,cross_max_um,cross_slots,um_per_px_x,um_per_px_y,px_aspect,rel_rot,old_hm_norm,old_hm_rmse,old_hm_in,old_rgb_norm,old_rgb_rmse,old_rgb_in
10-01-2025_P1,64,64,6.907704653872177,266.35497080971425,0.02593420589401009,2.3648690872321763,19.780272781199766,0.6714241575952427,67,62,3.0750168149988073,215.94359533674486,0.014239907463815222,-0.17784600221070457,7.646927853628186,15.36898947236425,62,1.0734845048350048,1.460981802597775,1.3609714867960099,2.6199127996746037,0.03262218536847246,1.5687128882657833,61,0.017629556250724397,3.8092401308069004,56
10-01-2025_P4,64,64,6.233076642200664,266.56257325066633,0.023383165033972312,2.3022843142031717,9.69033064265347,0.4282123656702035,67,63,3.860033536647809,215.88495805100763,0.01788004857538889,-0.3754571212403223,8.923476036925036,17.270794715009867,63,1.1241862249053227,1.3989110656633332,1.244376629664847,2.3162234323082496,0.028620282801874498,1.4048160386427728,63,0.022084158887065428,4.774893650648169,64
10-01-2025_P5,64,64,8.076411884685955,266.9991674515528,0.030248827971163714,1.444535285593214,23.76484886655467,0.7694049038619669,69,64,3.768866194979016,216.46761765539324,0.017410762107517082,-0.037819942446038986,9.786696204863167,21.82364538799038,64,1.0852416516853551,1.4408945008709404,1.3277176549879601,1.1407358904060085,0.03324919553631814,1.629051528805533,62,0.017987888574023492,3.8946659304034097,61
10-01-2025_P6,65,64,7.00302455309192,266.1753337984934,0.026309817867622255,0.8958965647075747,27.245859104046716,0.7258489511650875,76,62,2.5286780358566263,215.505602574293,0.011733699753744893,-0.13218478012167895,7.087556151343575,12.880316382501892,62,1.0839122093039915,1.4418489691659593,1.3302267072826945,1.1190984316874888,0.03086342699300249,1.516414098704577,64,0.012576231403785281,2.7162680258352614,61
10-01-2025_P7,64,64,7.9294601287708835,269.1540974474327,0.029460670314779624,1.8993503485780345,21.118414827898604,0.7516224444171574,67,64,4.259545489818896,215.83735330546028,0.019734978327827453,-0.24298156943924337,10.99639497511331,21.94391359777479,64,1.0815934834629686,1.4604008043828198,1.3502307722001181,2.0790619791605125,0.03604798195079838,1.76316199890282,64,0.023252894487071973,5.023246740157205,64
10-06-2025_P2,64,64,8.248357104193438,268.5068435923447,0.03071935520837728,0.6557499816167395,35.24153793321099,0.8986303287778256,67,63,3.8431058363088546,215.70973249519216,0.017816098475735266,-0.46621982689186586,8.727612729202471,20.547101996930596,63,1.10571475963265,1.4217603188204053,1.2858291945860927,1.2837924237589964,0.03653042288146886,1.85524751970593,64,0.020818863302210912,4.502047856613479,62
10-06-2025_P4,65,63,6.457073130692866,266.9149213563683,0.024191503037298466,0.6318584474211411,21.46081689111408,0.7614333247150576,68,64,2.7285837356883347,215.7986215593341,0.012644120319082332,-0.07688776784612077,7.111356786622553,15.628502068529759,63,1.0553145855291752,1.4951419520706064,1.4167737019581559,0.5256168688409335,0.027694619897966826,1.3868645720027077,63,0.01547734324101145,3.347041312394424,64
10-06-2025_P6,61,59,5.966582622991519,267.4134554121807,0.022312200460499865,1.0270061835882711,23.64520386076993,0.7402337079593112,69,62,3.386673979525094,215.85309411131004,0.01568971708961777,-0.658024839590142,7.326646494152508,14.643403483500464,59,1.0840096587894263,1.4445742600944527,1.33262120718342,2.190031021167103,,,,0.0173172904736043,3.744618393732864,60
10-13-2025_P10,63,62,9.151864106539561,267.83093353500783,0.034170302831518645,1.7382472056471805,7.00835737437428,0.37171995252030793,74,62,2.5463217790747485,216.24061467746168,0.011775409457066007,-0.03890036210594853,9.745197848647743,21.088416848106544,60,1.0880663431656141,1.4394742641886227,1.3229655280032138,1.9216274890745322,0.040528954733129896,1.8947016058634703,62,0.012497244789188983,2.705751974959984,64
10-13-2025_P3,62,62,6.55298314888556,266.85318535434374,0.02455651087763526,1.9263918707408014,22.062090056271526,0.7419413032330014,70,64,3.8274598977984158,217.0250535299004,0.017636027894222323,-0.26919110128957036,6.434259215854607,12.553618843200876,62,1.1217995530309108,1.3823327020552743,1.232245723686061,2.159646367695462,0.031862971711275584,1.4759839836379374,62,0.021367956249001212,4.649365859034599,56
10-13-2025_P4,62,56,5.1256767393163445,264.80785635694104,0.01935621098947804,0.5338778678208048,17.762567248538243,0.6607059724645715,75,63,2.5212030193484543,215.73649494809553,0.011686492913287739,-0.19890327336138222,7.657335014526188,20.741562474781823,55,1.1461011713258902,1.3631831484889199,1.1894090876042767,0.8951927390567304,,,,0.015226225717074427,3.2934943727901134,55
10-13-2025_P5,64,48,4.761718199964502,268.16095450430544,0.017756940822225672,0.8558637443078618,20.467211260651812,0.6780768238610952,75,61,2.129591454113602,215.77456062334812,0.0098695205216104,-0.9065273780004609,5.580687985444825,9.838874304083356,46,1.1324989589011445,1.3813171218446252,1.2197071891217517,1.840489441537139,0.024890746149023344,1.1931978611946534,61,0.011996241781877736,2.5915841861205333,64
10-13-2025_P6,64,60,8.163384565917662,270.43695412718466,0.030185906331715587,1.0157873000364237,8.186783750622265,0.5617456741251484,82,61,2.415230311748935,216.39909885270097,0.011160999858843864,0.09717110304906937,9.407505882049666,29.9147937368645,57,1.0786948138082721,1.4618739565780174,1.3552247937643758,1.141699322780819,0.03137185161677087,1.4600937738868718,62,0.016221180672506635,3.5166109728508625,64
10-15-2025_P12,64,62,8.775506500643317,266.8982520611527,0.03287959524977572,1.8205094717350572,21.536585476299578,0.7996756396593683,75,60,2.185925225135747,216.0605686340837,0.010117187226503096,-1.120861261227219,8.154852100826277,17.246893285773318,59,1.0756789500201371,1.4521303358675695,1.3499663034592106,3.428331288834975,0.03606345850084242,1.6877414839342766,62,0.02021987558519067,4.3781014467400325,58
10-15-2025_P13,64,64,6.3414436302511605,269.9717612532875,0.02348928495636852,0.8008235304952878,25.11439229077042,0.7345829237850025,66,63,2.6087106901466885,215.89901424591807,0.012083013436899055,-0.8501339531924913,8.784058157583907,13.22834015138482,63,1.1325464448381544,1.381361679724427,1.2196953917610234,1.6792280625864835,0.02936386140862407,1.4904481027110599,64,0.015875304926965046,3.436204919922655,56
10-15-2025_P14,64,64,6.111708059150911,267.8999928782804,0.022813393884365457,2.2738664938134048,18.625731089855567,0.7803336928400075,77,61,2.0696399933038556,215.80717769328822,0.009590227792354949,-0.46243322212966487,5.6877247428847735,12.680516021789616,61,1.1436659307479853,1.369581865324028,1.1975366481611358,2.7462255137819644,0.02656777739770216,1.2591132561258147,61,0.012877909020338994,2.784956483040413,57
10-15-2025_P15,64,63,7.1841568739934285,267.836411506408,0.02682292834490708,1.3970474920832463,17.202319837453395,0.7572367192196957,73,62,2.1770395100618183,216.16437452782105,0.010071222488984309,-0.2832217221217289,6.981153066830146,16.426097000069813,61,1.1040115591685051,1.4109672074110158,1.2780366253354238,1.7692085781374711,0.030811591445954203,1.5435721371315076,62,,,
10-15-2025_P16,63,63,6.8323989136072365,269.23117960941136,0.0253774429972018,1.0974480107175442,22.7155639478922,0.8131802672640434,71,62,2.662279020485898,215.91087451321278,0.012330453602618235,0.11174928484843005,6.804576338809966,14.874115520743652,62,1.137124303254534,1.3811377406552539,1.214588182402166,1.1594718519778684,0.030777051838240612,1.572329772206663,63,,,
10-15-2025_P17,64,63,5.792998066489604,265.81404722876175,0.0217934233607455,1.3385797234588621,22.174301005737572,0.774134912204564,73,62,1.8687156430813021,215.93471616579367,0.008654076918537318,-0.266664663302783,6.673192156515263,15.240329944463127,61,1.1430279574609676,1.3607430928865525,1.1904722749819698,1.7140796070012703,0.02548296125153861,1.248440413974404,61,,,
10-15-2025_P19,63,62,5.846342829385722,267.21931609644656,0.021878443949297516,0.3016621401515533,24.915884040426036,0.6882695134721425,75,60,2.073273178933398,215.82900349420635,0.009606091606631785,-0.2288999232724313,6.5896189307927555,14.611668034331677,59,1.1222576256364623,1.4001187507406805,1.2475912114623733,0.7532142661616219,0.020081027683587067,0.9267038790919503,60,,,
10-15-2025_P2,64,64,8.35118152064337,265.49815479824576,0.03145476294172177,2.377209225053592,19.948513660703657,0.7812404501780527,67,64,3.130449341016771,215.9754042435768,0.014494471497718573,-0.20031420774207964,9.199706032623812,21.718275517663304,64,1.1020246346815579,1.4161799298563669,1.2850710277139927,2.434844697818406,0.03718847251007889,1.8169252542708527,63,0.014106752218102658,3.04889001517769,63
10-15-2025_P4,64,64,7.097658410137973,268.491541259624,0.026435314784366823,1.4528054179791512,21.100258832584753,0.730760623753576,78,63,2.5024025079982164,215.50777023822198,0.011611657924129902,-0.17177764551120858,7.4392709264758725,13.53933993378939,63,1.0702031362344018,1.4733507062432982,1.376701914206124,1.718793624847095,0.03447099046934223,1.7002699693725116,64,0.030825556960139347,6.631494181046324,57
10-15-2025_P5,64,64,7.797308462660468,266.01639025911606,0.029311383614616444,1.0005526237341569,18.593987285078683,0.6117398839185988,67,63,2.7612012713056915,215.82178371148555,0.01279389514728928,-0.315701290160849,7.713216290215588,13.681958446849974,63,1.1088363447638885,1.4041716369902035,1.2663470525843943,1.5228479448127774,0.03316658209484725,1.7072198479911738,64,0.0157380337161588,3.4088137728348427,63
10-15-2025_P6,65,64,29.413555624084648,269.3399129993869,0.10920607828425191,4.433183207346989,20.12261965041783,0.7895069502357582,71,62,1.9338566284297563,215.88819719833776,0.008957676489618887,-0.1683189585647074,29.278354810979966,73.90159174970587,62,1.1022867488552937,1.4356921239485319,1.3024670081895424,3.223434705414782,,,,0.011609844999902934,2.5087013793560584,62
10-15-2025_P7,57,56,7.277242281111911,269.02509848875036,0.027050421399311256,2.0427493087197233,16.061608988252896,0.6963579703409818,74,62,2.0797522405213913,215.94787719724997,0.009630806597935275,0.014686258774198156,7.819221548287643,13.354550286186571,54,1.0878481406927467,1.438011084993215,1.3218858691779194,2.0133709439633676,,,,0.015761297867379166,3.4021696067795815,63
10-15-2025_P9,64,59,13.182222488442928,267.1012306947361,0.049352908087153625,0.16443316086170448,22.71493997831426,0.7150309030221204,69,63,3.367619522704404,216.02249223966618,0.015589207807898995,0.3007278819019764,15.377061853534249,30.01793628401466,59,1.1187163635696487,1.406624366682601,1.2573556734204576,0.7762447360596175,0.04959625454043288,2.320635408343538,62,0.025134004075321185,5.431939461584335,60
10-16-2025_P2,64,64,6.470960916247965,266.3383984449124,0.024296011968347006,1.6320266267534507,9.565204412910777,0.43164888039167415,74,62,3.863714534266202,215.72751219792303,0.017910161271972435,-0.39581272135722984,8.882631193672255,17.213718964017815,62,1.1084710540675071,1.4198144256294383,1.280876411178681,2.0326400506829896,0.03317183861169168,1.6290664264771384,64,0.029388020861345315,6.350110621473441,62
10-16-2025_P4,64,62,5.900867482466223,266.39823407637476,0.02215055029521885,1.0791531150352884,8.267285851393659,0.5221234320203162,71,62,2.539286547080884,215.86340205542479,0.011763395382923226,-0.07006938700504241,6.811237581517581,14.088006047961791,60,1.1470161661190317,1.3626310224132,1.1879789166561694,1.2152875972763477,0.030809321701084337,1.522615964384977,64,0.01709329858867877,3.697802167434685,62
10-16-2025_P6,64,63,6.159227504339583,265.1409740807552,0.023230010094417317,3.1911438519650233,5.334676144044271,0.43599916906198427,72,62,2.307972205481362,216.09884445116012,0.01068016912049236,-0.016337863778257553,7.946557369066803,16.055363529001255,61,1.100047261866255,1.417621634432816,1.2886915713310254,3.167191258668808,,,,0.017579311130419797,3.81146622524954,60
10-16-2025_P7,64,63,6.515482957866969,264.8421141807735,0.02460138553878063,3.4264258856962204,2.036175459596555,0.22091121684593798,74,61,2.71251980405006,215.81454997361942,0.012568753146540079,-0.06201954592710096,8.698852128876219,17.23141641577644,60,1.1233853183308338,1.3944145009939157,1.241261104485313,3.513960994352287,,,,,,
10-16-2025_P9,65,64,6.047099281542,266.86208871365056,0.02266001630539092,2.1048002718156007,16.385860817431947,0.664863337224136,75,61,2.484196442995399,215.8531259566945,0.01150873508078725,-0.6664639793365792,6.77910432643727,12.207329108444954,61,1.1529367491762805,1.3537553576887882,1.1741800741939947,2.8544286672543047,0.027599108751633628,1.3815994981655686,62,0.013912069364559139,3.0058515246592985,58
10-20-2025_P2,64,63,6.8242882048198785,267.2847625179793,0.02553190140930998,1.687826101073329,9.211906493676233,0.5097012723292986,79,64,2.350847888538918,216.08104267936523,0.010879473087452912,0.6430974160920444,7.794864314730844,21.709092760323095,63,1.1099507750406115,1.4044680658405766,1.2653426597131654,0.8735551462170963,0.03280251186360871,1.586118370228092,64,0.018914838647542,4.087879027079095,60
10-20-2025_P3,64,64,6.12650168891914,268.21613251481165,0.022841659938485682,1.2705474764495852,9.186300818033065,0.5504873565246744,66,63,2.1491985700944145,215.6606643495948,0.009965649399143439,0.26392276514798424,7.031404224784891,14.584299283967015,63,1.0917248459388225,1.4364572706510381,1.3157685986488334,1.2364463283144536,0.02987976462623912,1.4664876192794791,64,0.015619531212054514,3.3682078645401274,64
10-20-2025_P4,65,64,10.508698391325305,265.5840198181178,0.03956826317532986,3.155585226131365,5.03331266255385,0.4994174039250165,77,63,2.350684831573669,215.8495949396768,0.010890383334889332,0.11615272949897303,10.608996822048736,20.821345066915086,63,1.0600604409309258,1.4722768008063105,1.388861185606911,2.9594672082629736,0.04106998016504673,1.9591712837137338,60,0.01648972915000314,3.555889834957501,59
10-20-2025_P5,65,64,7.902076649930731,264.8175215167373,0.029839704732042414,0.8390687178717937,4.22471357068354,0.33928584999692235,85,62,2.5010957333089197,215.90106292353738,0.01158445307976412,-0.03701187576557554,9.390203143635759,18.2875482140641,62,1.1023848940775425,1.4184366866274756,1.2866982251370562,0.5914202455761054,0.037330540266527934,1.8193566428136068,64,,,
10-20-2025_P6,64,63,7.100295607191317,265.9406442594518,0.026698798248620717,1.8379509966661514,4.279875778228123,0.39684817643515163,67,61,2.5883550355064826,215.82557121919416,0.01199280984586265,0.24458402858608883,7.319100277993212,16.39362384572949,60,1.083364404474135,1.4412202112581125,1.3303189631356593,1.4924269494748077,0.03486334832630069,1.6877314656070148,64,0.01220505178424425,2.632706737186996,59
10-22-2025_P3,64,63,7.629330261954415,264.534813009107,0.02884055287532898,2.6531086738449368,8.096471014296396,0.5317364466428788,68,64,3.021414883063697,215.40668399053993,0.014026560490557428,0.4838706468492221,8.957824482319388,20.01179608465929,63,1.0724526124099039,1.4656214139735124,1.3666071554249102,1.851850232895445,0.0343109487360858,1.6796738169682415,63,,,
10-22-2025_P4,63,61,8.346964644754964,266.4536202355845,0.031326144630255015,0.6051084149797642,11.348355426221406,0.7099574769992271,80,60,3.1233699397288524,215.89310864528915,0.014467205365320517,0.056636084233520984,9.27831746636794,16.941941681729084,60,1.1126619976746195,1.4016305866731702,1.2597092285010842,0.941734121832881,,,,0.038845935064460185,8.383133932116898,56
10-22-2025_P8,64,63,8.640658915758115,267.0934312833405,0.032350697934580994,1.4254253551458274,13.578519205942902,0.631936589661896,67,63,2.2699313484233743,215.85759702353397,0.010515874260269347,-0.08901574613896933,8.757948643164736,16.094004337261214,62,1.1159243313315317,1.4011075955987644,1.2555578870898436,1.3744966213244212,0.04086859849296317,2.028171248140474,63,0.012197881952598508,2.6365643264312473,62
10-22-2025_P9,64,60,8.25125781832177,264.32000804473154,0.031216924815337433,1.7652777611819033,0.017691625103956332,0.0017967266265299642,76,61,2.2406266085966617,216.03328719208457,0.01037167298484156,0.40632016017758754,9.942905436235147,18.138562370068914,59,1.0937244964641013,1.4218800576800825,1.3000349377534053,0.8488780433196831,0.03545261530237314,1.7016346238292375,60,0.020957446801835485,4.534909716642617,59
10-27-2025_P2,63,61,5.496096122040362,262.93730806016464,0.020902686509526293,2.6764741396131226,4.373653438838368,0.42048728861753787,77,61,2.3235658325780593,215.73857689345567,0.010770284415686917,0.3510843368263124,9.568942265556654,21.69811527087692,58,1.112313356329466,1.3971144648755194,1.2560439528352616,2.1603440357662524,0.026814810374892306,1.333321093132079,62,0.015475237307294241,3.335442377937827,61
10-27-2025_P4,64,63,8.159244620292707,267.7813816110435,0.030469798053936896,0.9039919042273519,7.670004795188723,0.5412091791158433,79,64,2.3259440021656146,216.15971827075975,0.010760302709370475,-0.7969489759800706,9.28891462765698,18.887740530116847,63,1.1309854141458728,1.3764852849840046,1.2170672298400371,2.029763937529539,0.03129334387208106,1.5662439189548207,61,0.01144140941270162,2.4759290396485514,64
10-27-2025_P5,64,64,7.521648218552877,268.2181602280865,0.028043023679517606,0.5736145796094567,7.813532378257927,0.39997180544748256,67,62,1.9768891951925045,216.19970480950616,0.00914381079721799,0.2385154623707574,7.778505662840566,15.994444003501751,62,1.1060687708375032,1.417455653478628,1.2815257883154463,0.2565750855822549,0.030721979558945067,1.5280419200319773,64,,,
6-18-2025_P2,63,63,7.48928507671688,267.569223499916,0.02799008413132847,2.5419524702040124,21.1443427292412,0.792650597227178,70,63,2.5717555960391527,216.17248830844284,0.011896775654308413,0.09756314777545051,8.919385815091145,20.358704602296637,62,1.0849245455057548,1.4312916606667838,1.319254566223833,2.2100312840773144,0.02957684267183703,1.43971392590598,61,0.012834877245854125,2.7792039524610295,64
6-18-2025_P3,48,48,8.175548221071782,267.0460496165092,0.03061475064998062,1.026128014180781,22.031073237379186,0.8991886528413372,76,62,2.1060455811852643,216.13388466490545,0.009744171231875478,0.04640322354094059,44.34312983100592,87.50876137241322,47,0.9989276130978514,1.2953115563954545,1.296702122767899,1.2305454197478163,,,,0.00940618305553569,2.033676435362824,64
6-18-2025_P4,64,61,6.071678539024217,269.1290596266633,0.022560471721065234,1.69113382480016,21.182058687279447,0.6104292351702322,67,62,2.346344031659726,215.35032881976463,0.010895474571684894,0.5146178697809932,8.484313239357158,25.25836919808844,59,1.1041396938797752,1.4234601112814018,1.2892029144243373,1.3634623935880614,0.027831110767804215,1.3575238833073948,64,0.021552081945673107,4.638489137214335,62
6-18-2025_P6,57,56,15.35208849052192,269.4893395356313,0.056967331312532676,0.5373159450840381,23.08813733135028,0.6000055075950265,91,62,3.2537677764738477,215.5710073902851,0.015093716988495558,0.2976152715915361,15.62254352812558,81.14849437462816,55,1.0575787429079075,1.4965385790225116,1.415061137582668,0.7378162086047027,,,,0.028278758711191787,6.085688455853257,63
9-24-2025_P1,65,64,6.5487284608499845,268.7100005828879,0.02437098897191928,1.643714524888242,23.79642809179393,0.7449709162321205,118,60,2.0508560847817146,216.04827500537823,0.009492582547723009,0.14857988116492096,6.119771864735227,11.40066982222623,60,1.0780829358368602,1.4594933361936997,1.3537857688664465,1.5874545921035237,0.029306682821555706,1.4400622545136696,64,0.00941500913311916,2.037382569468738,64
9-24-2025_P10,63,61,8.164851797077725,264.79048882055497,0.030835140013699427,1.858833160677516,21.124445379965564,0.7606182506922551,79,61,4.277323868288763,216.6587939239191,0.019742212124520403,-0.6311381848436871,8.530251866557299,24.818057653903583,60,1.029768557514234,1.5069562975568922,1.463393193121516,3.0185609682793895,,,,0.023047370627518986,4.999993129819526,54
9-24-2025_P11,57,54,20.894643691911476,264.31449570946154,0.0790522049720617,4.381182604309465,27.18694809564805,0.6906690807439503,67,59,2.2919490567454623,216.0924629800964,0.010606335015750024,-0.3621105879726581,21.910793939314008,71.71046616118016,53,1.0262101614361558,1.509090275659734,1.4705470013547706,3.763901741156708,,,,0.012038606011841068,2.605930595672958,55
9-24-2025_P2,62,61,7.529016086573944,265.92911585986076,0.028312116415795487,1.60420807918402,20.989232412110894,0.7484427291303555,69,63,3.2417458644095642,215.5870113844984,0.01503683289448234,-0.15167857259448744,7.383952490548781,18.52985242792551,61,1.0848462785501258,1.438624203226217,1.3261088060779525,1.970890880867709,0.032227168053897894,1.561114065572827,59,0.01563454876006804,3.3776616058823947,62
9-24-2025_P4,61,58,8.660579682374985,268.2207987480798,0.03228899370517957,1.44272430765848,22.89429267054453,0.7055070811223177,77,61,2.5801430882274548,215.7544714606475,0.011958700418860425,-0.011302700501425797,8.922493327184005,24.817496669807824,56,1.0773627180350163,1.4742938195826718,1.3684284734407846,1.180865272587482,,,,0.013434853886509465,2.8991780549270576,63
9-24-2025_P5,64,64,8.28246063157911,266.60546423690164,0.031066357380505293,1.3840880868356695,22.268808202483054,0.768638514189364,67,64,3.326437289800733,216.2690403851106,0.015381014702230801,-0.3233934355794898,7.503574621088666,17.059427512749014,64,1.0914611911819632,1.4353169989918817,1.3150417170926167,1.7772481769955852,0.0342510126661885,1.711701294843708,62,0.022104420602721178,4.789102008401483,64
9-24-2025_P6,64,64,6.604807270811461,264.9193967782776,0.02493138422906537,0.7377658063059218,23.787955278382604,0.6451866662654792,77,62,2.177256053242611,215.56585869953255,0.010100189642170514,0.17171193919619054,7.907374722716803,18.32951640522188,62,1.0336236957115479,1.5153450451651025,1.4660509926893046,0.268580220131486,0.030227174914837864,1.51107564647671,64,0.010594201170254048,2.2896347161621886,63
9-24-2025_P9,62,58,7.148817175492649,266.9706292584878,0.026777541766854738,1.530736042901976,29.685571675582686,0.7593763328156456,75,58,2.5776369085261734,215.4223125856459,0.011965505697100792,-0.019101914375801037,8.099073585479081,18.051504286275854,55,1.0950832715208048,1.4291867679669743,1.3050941468425328,1.3773750202400514,,,,0.015488231316768198,3.339847367237721,59
9-25-2025_P1,66,64,7.553648405269226,266.9571442311973,0.02829535964292237,1.5449545140440248,17.10257345331315,0.7568057195574643,70,62,2.5665458878186587,216.2335112793253,0.011869325307783842,-0.3321066218186333,6.47041262304927,17.0849488871754,62,1.0616230662437196,1.47282047851961,1.3873290109744947,2.0918945346942333,0.03481596769477404,1.7128307162413954,64,0.013790482753977736,2.9872613659922775,64
9-25-2025_P2,65,64,7.359139737314744,267.6274392132611,0.027497702623274566,2.4801174416682668,10.298080436395876,0.5450519994434826,66,62,2.4619438714590802,216.09595553182407,0.011392827160508861,0.10757938199820972,8.134523834618026,18.398220986221265,62,1.0573865525195365,1.4907378930401831,1.40983246806767,2.433879857189626,0.02928035302323268,1.4230773702021018,61,0.015209345741673543,3.2994504393524804,62
9-25-2025_P8,60,60,8.603873795221537,266.42860593650073,0.03229335590665569,1.3257558660108848,22.455947319178218,0.8471707670719307,65,59,2.1874407482273823,215.7200093587726,0.010140184745631834,-0.42404782669959595,9.17173155654036,18.48551113188274,58,1.0871092429325797,1.4317088392198065,1.3169870907891803,1.750221320292414,0.03439067963734232,1.6644001393799532,61,0.012662522320537587,2.7301092774823044,61
9-25-2025_P9,60,60,9.067982467864578,264.8728222212508,0.034235231806040135,1.630097908857466,21.338646659872058,0.8126139484557978,83,52,2.8768357078189903,214.21771435998033,0.013429494924890461,0.03916306311703523,13.031974014088064,27.512121751410238,49,1.073551197886538,1.4726110684395894,1.371719459061353,1.6897714119778644,0.0310752872195055,1.482347483557809,60,,,
9-26-2025_P2,64,63,7.748593810499266,270.53098907875307,0.028642167157580636,0.6805839574947675,23.085871518310388,0.6394121360382785,71,61,2.622188236650222,215.78496339275563,0.012151858013746358,-0.29671964214410496,9.021976834488102,16.479330952448876,60,1.093587189550085,1.4555329722769552,1.330971125288857,1.134413263449026,0.03025051382141771,1.5710557926027102,63,0.0148023879551275,3.1968109640915845,56
9-29-2025_P2,65,64,6.368766142471553,266.90489177260145,0.023861556452467108,1.8857399845633975,22.584148410529767,0.7396802988370724,70,64,2.7346640533344506,216.32534077403716,0.012641441097698058,-0.25444591498955527,6.519454260183574,11.717291260901714,64,1.0438631280609394,1.4966253872321356,1.4337371892924686,2.130626445177901,0.028940128184321807,1.3864403329660435,64,0.02211203004512667,4.795828955166433,55
9-29-2025_P3,64,60,13.624674295848791,265.66823721499793,0.05128454360474685,1.8107145841363437,26.646941573594322,0.867268978576049,69,64,2.193606599554636,216.16954527188108,0.010147620918551177,0.16401764430574128,15.149885223763114,98.21738016038316,60,1.076947535446705,1.4565448404716124,1.3524752065730434,1.4222001690191148,,,,0.029852174001579263,6.444463106517434,60
9-29-2025_P4,64,63,5.527945797710875,268.55405345353336,0.02058410858679275,1.4080051017121256,14.863964958023347,0.7901355913661969,75,63,2.372774684971917,215.73167271189675,0.01099873122543618,-0.9136793730214349,6.87391346641831,12.414371142342404,62,1.0876916701976607,1.4569388014835518,1.3394777595555087,2.6514317905701854,0.020248788897467427,0.998886429398842,61,0.017783213339309132,3.839236754204907,63
9-29-2025_P6,64,64,5.5677482641030736,265.931332837264,0.020936789225624055,0.7061672437140698,15.6525296958928,0.6034933422593565,69,60,2.1082160152073497,215.8145917056374,0.009768644457937641,-0.3773503531541212,5.903532412076934,10.781372777965586,60,1.0875965818453206,1.4351680073862028,1.3195775265780618,1.2712422971091615,0.021979701069608,1.0853457970355542,63,0.009596946434785317,2.0745544113205088,62
9-29-2025_P7,63,55,6.319014111807187,264.86100847050983,0.023857849625724577,1.5298346041601152,26.453879927969258,0.7260327587351039,80,62,2.8572446223774537,215.6453343612799,0.013249740045804046,-0.1715223017292827,7.636713871428434,17.240535356259695,55,1.0929674835476857,1.4279015935486856,1.3064447159158206,1.8673700774973945,0.024865213251333416,1.2089904387300117,55,0.015488601628063915,3.341500304099391,56
9-30-2025_P2,53,52,5.970939702697474,268.6564508264854,0.022225186420533293,1.331472706362597,22.366695614222753,0.7201261415184814,67,63,6.407642993731633,215.46290023534175,0.029738961959264513,-0.23173202176570332,10.661179095697907,24.44752663134483,51,1.0811019698451432,1.4725572585018964,1.3620891456823683,1.934696689572786,,,,0.017609286520038517,3.8045985871567636,59
9-30-2025_P3,64,61,7.695040098999159,268.41097000936315,0.028668873327832793,0.783669636897628,20.005123396884958,0.6059707137741938,74,63,2.399041845931442,215.58178857096974,0.011128221274320095,0.13713446643783783,8.032672760411042,22.986841984981783,60,1.0235833953311924,1.548962311867793,1.5132741688981857,0.975580941787837,0.030691877494802924,1.4554420167671198,61,0.012674716785377228,2.7384968932563973,64
9-30-2025_P5,60,58,8.827254091152637,265.94803479294484,0.03319165000796167,1.7732974023094148,34.827552046857946,0.8883225367980202,68,64,2.3911961599179694,215.35844993606258,0.011103331030790238,-0.1699506525455912,9.455614052957426,21.03908468834325,58,1.0212965574685873,1.530795384150215,1.498874516863628,1.8447995484813713,,,,0.012432761182910161,2.682510438843864,63
9-30-2025_P7,65,63,13.073179406277552,263.79609169567277,0.04955789648832011,1.1684731269393807,26.18834699912787,0.8716763620919715,78,59,2.0700110888191583,215.77212124591006,0.009593505763703452,0.08715977033958616,9.777275464278919,19.781805237270067,59,1.090485977485404,1.4372233047622505,1.3179658743310043,0.9892739716309806,0.032281923642918625,1.498988605324384,60,0.03483268850599205,7.529054434089481,60
